Name,Mass,Pos.x,Pos.y,Pos.z,Vel.x,Vel.y,Vel.z
GasGiant,1000.0,0.0,0.0,0.0,0.0,0.0,0.0
Moon1_IoLike,0.015,0.0028,0.0,0.0,0.0,29.4,0.0
Moon2_EuropaLike,0.008,0.0,-0.004444316683901322,0.0,23.308050329284426,0.0,0.0
Moon3_GanymedeLike,0.025,-0.007055992134852718,0.0,0.0,0.0,-18.50548999835146,0.0
Moon4_LargeEccentric,0.05,0.010583988202279077,0.010583988202279077,0.01,-8.0,5.0,0.5