Name,Mass,Pos.x,Pos.y,Pos.z,Vel.x,Vel.y,Vel.z
Sun,333000.0,0.0,0.0,0.0,0.0,0.0,0.0
Earth,1.0,1.0,0.0,0.0,0.0,29.8,0.0
L4_Object,1.0e-05,0.5,0.8660254037844386,0.0,-25.80755712801619,14.9,0.0